Donor,Don HOMO (eV),Don calc LUMO (eV),Don fund bandgap (eV),Don Ehomo - Ehomo-1,Don Elumo+1 - Elumo
PTB7-Th,-4.991112245871,-3.243046385922577,1.7480658599484231,0.34425123226754994,0.5647178739426502
PBDB-TF,-5.2432529397443,-2.9418370500398767,2.3014158897044235,0.3944834490698499,0.28890327507585
PDCBT-Cl,-5.0771546453991,-3.026085909037267,2.0510687363618327,0.43921896609205024,0.3736395281215499
P3HT,-5.10602592493715,-2.7564053139472673,2.3496206109898825,0.3436253704114005,0.26267149988765026
PBDB-T,-5.0676578720166505,-3.2133010975671366,1.854356774449514,0.15654709819264934,0.18618029651209955
PBDB-T-2Cl,-5.3105194835879,-3.0046401937644522,2.3058792898234475,0.3627277627165002,0.2762227696425499
